n,duration,mflops,result
0,0.000000,nan,0.000000
100,0.000009,222222222.222222,9900.000000
200,0.000035,114285714.285714,39800.000000
300,0.000075,80000000.000000,89700.000000
400,0.000130,61538461.538462,159600.000000
500,0.000200,50000000.000000,249500.000000
600,0.000293,40955631.399317,359400.000000
700,0.000401,34912718.204489,489300.000000
800,0.000505,31683168.316832,639200.000000
900,0.000637,28257456.828885,809100.000000
1000,0.000784,25510204.081633,999000.000000
1100,0.000947,23231256.599789,1208900.000000
1200,0.001124,21352313.167260,1438800.000000
1300,0.001199,21684737.281068,1688700.000000
1400,0.001348,20771513.353116,1958600.000000
1500,0.001526,19659239.842726,2248500.000000
1600,0.001737,18422567.645366,2558400.000000
1700,0.001979,17180394.138454,2888300.000000
1800,0.001976,18218623.481781,3238200.000000
1900,0.002165,17551963.048499,3608100.000000
2000,0.002387,16757436.112275,3998000.000000
2100,0.002572,16329704.510109,4407900.000000
2200,0.002599,16929588.303194,4837800.000000
2300,0.002889,15922464.520595,5287700.000000
2400,0.002929,16387845.681120,5757600.000000
2500,0.002724,18355359.765051,6247500.000000
2600,0.002548,20408163.265306,6757400.000000
2700,0.003216,16791044.776119,7287300.000000
2800,0.003457,16199016.488285,7837200.000000
2900,0.003793,15291326.127076,8407100.000000
3000,0.003976,15090543.259557,8997000.000000
3100,0.003968,15625000.000000,9606900.000000
3200,0.004200,15238095.238095,10236800.000000
3300,0.004328,15249537.892791,10886700.000000
3400,0.004484,15165031.222123,11556600.000000
3500,0.004643,15076459.185871,12246500.000000
3600,0.004832,14900662.251656,12956400.000000
3700,0.005038,14688368.400159,13686300.000000
3800,0.005357,14187044.987866,14436200.000000
3900,0.005545,14066726.780884,15206100.000000
4000,0.005842,13693940.431359,15996000.000000
4100,0.006139,13357224.303633,16805900.000000
4200,0.006801,12351124.834583,17635800.000000
4300,0.007314,11758271.807492,18485700.000000
4400,0.007808,11270491.803279,19355600.000000
4500,0.008222,10946241.790319,20245500.000000
4600,0.008937,10294282.197605,21155400.000000
4700,0.009328,10077186.963979,22085300.000000
4800,0.009909,9688162.276718,23035200.000000
4900,0.010607,9239181.672480,24005100.000000
5000,0.010919,9158347.834051,24995000.000000
5100,0.011339,8995502.248876,26004900.000000
5200,0.012035,8641462.401329,27034800.000000
5300,0.012668,8367540.258920,28084700.000000
5400,0.013241,8156483.649271,29154600.000000
5500,0.013887,7921077.266508,30244500.000000
5600,0.014566,7689139.091034,31354400.000000
5700,0.015048,7575757.575758,32484300.000000
5800,0.015436,7514900.233221,33634200.000000
5900,0.016169,7297915.764735,34804100.000000
6000,0.016937,7085080.002362,35994000.000000
6100,0.017388,7016333.103290,37203900.000000
6200,0.017623,7036259.433695,38433800.000000
6300,0.018388,6852294.974984,39683700.000000
6400,0.018947,6755686.916134,40953600.000000
6500,0.019492,6669402.831931,42243500.000000
6600,0.020282,6508233.901982,43553400.000000
6700,0.020917,6406272.410001,44883300.000000
6800,0.021578,6302715.728983,46233200.000000
6900,0.022239,6205314.987185,47603100.000000
7000,0.022958,6098092.168307,48993000.000000
7100,0.023706,5990044.714418,50402900.000000
7200,0.024358,5911815.419985,51832800.000000
7300,0.025174,5799634.543577,53282700.000000
7400,0.025850,5725338.491296,54752600.000000
7500,0.026709,5616084.465910,56242500.000000
7600,0.027692,5488949.877221,57752400.000000
7700,0.028884,5331671.513641,59282300.000000
7800,0.029483,5291184.750534,60832200.000000
7900,0.030190,5233521.033455,62402100.000000
8000,0.030959,5168125.585452,63992000.000000
8100,0.031466,5148414.161317,65601900.000000
8200,0.032582,5033454.054386,67231800.000000
8300,0.033250,4992481.203008,68881700.000000
8400,0.034128,4922644.163150,70551600.000000
8500,0.034734,4894339.839926,72241500.000000
8600,0.036019,4775257.502985,73951400.000000
8700,0.037116,4688005.172971,75681300.000000
8800,0.037119,4741507.044910,77431200.000000
8900,0.037919,4694216.619637,79201100.000000
9000,0.038971,4618819.121911,80991000.000000
9100,0.040392,4505842.741137,82800900.000000
9200,0.040258,4570520.145064,84630800.000000
9300,0.040972,4539685.638973,86480700.000000
9400,0.042070,4468742.571904,88350600.000000
9500,0.042758,4443612.891155,90240500.000000
9600,0.043446,4419279.105096,92150400.000000
9700,0.044310,4378244.188671,94080300.000000
9800,0.045808,4278728.606357,96030200.000000
9900,0.045277,4373081.255384,98000100.000000
10000,0.046046,4343482.604352,99990000.000000
10100,0.046785,4317623.169819,101999900.000000
10200,0.047538,4291303.799066,104029800.000000
10300,0.048471,4249963.895938,106079700.000000
10400,0.049722,4183258.919593,108149600.000000
10500,0.050555,4153891.801009,110239500.000000
10600,0.051355,4128127.738292,112349400.000000
10700,0.052284,4093030.372581,114479300.000000
10800,0.053170,4062441.226255,116629200.000000
10900,0.054249,4018507.253590,118799100.000000
11000,0.055303,3978084.371553,120989000.000000
11100,0.056196,3950459.107410,123198900.000000
11200,0.057407,3901963.175223,125428800.000000
11300,0.058201,3883094.792186,127678700.000000
11400,0.059473,3833672.422780,129948600.000000
11500,0.061207,3757740.127763,132238500.000000
11600,0.061358,3781088.040679,134548400.000000
11700,0.062824,3724691.200815,136878300.000000
11800,0.063466,3718526.455110,139228200.000000
11900,0.064589,3684837.975507,141598100.000000
12000,0.065621,3657365.782295,143988000.000000
12100,0.066804,3622537.572600,146397900.000000
12200,0.068198,3577817.531306,148827800.000000
12300,0.069037,3563306.632675,151277700.000000
12400,0.070071,3539267.314581,153747600.000000
12500,0.071243,3509116.685148,156237500.000000
12600,0.072401,3480614.908634,158747400.000000
12700,0.073574,3452306.521325,161277300.000000
12800,0.075001,3413287.822829,163827200.000000
12900,0.077955,3309601.693285,166397100.000000
13000,0.080032,3248700.519792,168987000.000000
13100,0.080329,3261586.724595,171596900.000000
13200,0.081075,3256244.218316,174226800.000000
13300,0.082150,3237979.306147,176876700.000000
13400,0.082671,3241765.552612,179546600.000000
13500,0.084048,3212450.028555,182236500.000000
13600,0.087031,3125323.160713,184946400.000000
13700,0.087171,3143247.180828,187676300.000000
13800,0.088064,3134084.302326,190426200.000000
13900,0.089318,3112474.529210,193196100.000000
14000,0.090836,3082478.312563,195986000.000000
14100,0.091791,3072196.620584,198795900.000000
14200,0.093514,3036978.420343,201625800.000000
14300,0.094669,3021052.298007,204475700.000000
14400,0.095556,3013939.470049,207345600.000000
14500,0.097546,2972956.348800,210235500.000000
14600,0.098863,2953582.229955,213145400.000000
14700,0.100387,2928666.062339,216075300.000000
14800,0.100870,2934470.110043,219025200.000000
14900,0.102364,2911179.711617,221995100.000000
15000,0.104387,2873921.082127,224985000.000000
15100,0.107322,2813961.722666,227994900.000000
15200,0.109263,2782277.623715,231024800.000000
15300,0.109203,2802120.820857,234074700.000000
15400,0.111743,2756324.780971,237144600.000000
15500,0.113621,2728368.875472,240234500.000000
15600,0.114760,2718717.323109,243344400.000000
15700,0.116828,2687711.849899,246474300.000000
15800,0.116985,2701201.008676,249624200.000000
15900,0.119790,2654645.629852,252794100.000000
16000,0.121104,2642356.982428,255984000.000000
16100,0.121487,2650489.352770,259193900.000000
16200,0.121301,2671041.458850,262423800.000000
16300,0.127347,2559934.666698,265673700.000000
16400,0.125096,2621986.314510,268943600.000000
16500,0.126951,2599428.125812,272233500.000000
16600,0.128719,2579261.802842,275543400.000000
16700,0.130509,2559210.475906,278873300.000000
16800,0.131579,2553598.978560,282223200.000000
16900,0.134783,2507734.654964,285593100.000000
17000,0.136084,2498456.835484,288983000.000000
17100,0.137921,2479680.396749,292392900.000000
17200,0.139101,2473023.198971,295822800.000000
17300,0.138823,2492382.386204,299272700.000000
17400,0.139446,2495589.690633,302742600.000000
17500,0.143326,2441985.403904,306232500.000000
17600,0.145229,2423758.340276,309742400.000000
17700,0.144705,2446356.380222,313272300.000000
17800,0.146581,2428691.303784,316822200.000000
17900,0.148937,2403700.893666,320392100.000000
18000,0.149924,2401216.616419,323982000.000000
18100,0.154097,2349169.678839,327591900.000000
18200,0.157774,2307097.493884,331221800.000000
18300,0.156169,2343614.929980,334871700.000000
18400,0.156736,2347897.100857,338541600.000000
18500,0.158393,2335961.816494,342231500.000000
18600,0.158595,2345597.276081,345941400.000000
18700,0.160007,2337397.738849,349671300.000000
18800,0.161678,2325610.163411,353421200.000000
18900,0.163252,2315438.708255,357191100.000000
19000,0.164797,2305867.218457,360981000.000000
19100,0.166240,2297882.579403,364790900.000000
19200,0.167479,2292824.772061,368620800.000000
19300,0.169195,2281391.294069,372470700.000000
19400,0.171848,2257809.226759,376340600.000000
19500,0.174166,2239243.021026,380230500.000000
19600,0.174374,2248041.565830,384140400.000000
19700,0.176238,2235613.204871,388070300.000000
19800,0.178162,2222696.197842,392020200.000000
19900,0.179858,2212856.809261,395990100.000000
20000,0.181587,2202800.861295,399980000.000000
20100,0.183553,2190103.130976,403989900.000000
20200,0.185426,2178766.731742,408019800.000000
20300,0.187078,2170217.770128,412069700.000000
20400,0.189761,2150072.986546,416139600.000000
20500,0.190707,2149894.864897,420229500.000000
20600,0.192855,2136320.033186,424339400.000000
20700,0.194557,2127911.100603,428469300.000000
20800,0.196469,2117382.386025,432619200.000000
20900,0.198472,2106090.531662,436789100.000000
21000,0.200313,2096718.635336,440979000.000000
21100,0.202363,2085361.454416,445188900.000000
21200,0.203873,2079726.103996,449418800.000000
21300,0.205944,2068523.482112,453668700.000000
21400,0.207785,2059821.450057,457938600.000000
21500,0.211128,2036679.170929,462228500.000000
21600,0.219122,1971504.458703,466538400.000000
21700,0.221696,1957635.681293,470868300.000000
21800,0.218839,1992332.262531,475218200.000000
21900,0.223216,1962224.930113,479588100.000000
22000,0.222704,1975716.646311,483978000.000000
22100,0.227453,1943258.607273,488387900.000000
22200,0.231527,1917702.902901,492817800.000000
22300,0.227921,1956818.371278,497267700.000000
22400,0.232256,1928906.034720,501737600.000000
22500,0.234500,1918976.545842,506227500.000000
22600,0.234255,1929521.248212,510737400.000000
22700,0.244323,1858195.912788,515267300.000000
22800,0.244361,1866091.561256,519817200.000000
22900,0.246451,1858381.584980,524387100.000000
23000,0.247349,1859720.475927,528977000.000000
23100,0.248813,1856816.163143,533586900.000000
23200,0.248138,1869927.217919,538216800.000000
23300,0.250096,1863284.498752,542866700.000000
23400,0.253455,1846481.623957,547536600.000000
23500,0.254000,1850393.700787,552226500.000000
23600,0.261783,1803020.058598,556936400.000000
23700,0.265641,1784363.106599,561666300.000000
23800,0.262446,1813706.438658,566416200.000000
23900,0.260996,1831445.692654,571186100.000000
24000,0.267229,1796212.237444,575976000.000000
24100,0.270834,1779687.926922,580785900.000000
24200,0.273389,1770371.156118,585615800.000000
24300,0.269612,1802590.389152,590465700.000000
24400,0.274754,1776134.287399,595335600.000000
24500,0.285828,1714317.701555,600225500.000000
24600,0.282410,1742147.940937,605135400.000000
24700,0.282519,1748554.964445,610065300.000000
24800,0.290932,1704865.741823,615015200.000000
24900,0.293146,1698812.195971,619985100.000000
25000,0.288913,1730624.790162,624975000.000000
25100,0.293326,1711406.421524,629984900.000000
25200,0.289213,1742660.253861,635014800.000000
25300,0.290698,1740638.050485,640064700.000000
25400,0.292613,1736081.445459,645134600.000000
25500,0.295083,1728327.284188,650224500.000000
25600,0.297515,1720921.634203,655334400.000000
25700,0.299498,1716205.116562,660464300.000000
25800,0.303899,1697932.536797,665614200.000000
25900,0.304533,1700965.084244,670784100.000000
26000,0.306710,1695412.604741,675974000.000000
26100,0.309373,1687283.634965,681183900.000000
26200,0.311741,1680882.527483,686413800.000000
26300,0.314252,1673815.918435,691663700.000000
26400,0.316333,1669127.153980,696933600.000000
26500,0.318464,1664238.344051,702223500.000000
26600,0.321051,1657057.601440,707533400.000000
26700,0.323594,1650216.011422,712863300.000000
26800,0.326020,1644070.915895,718213200.000000
26900,0.328529,1637602.768705,723583100.000000
27000,0.330976,1631538.238422,728973000.000000
27100,0.333175,1626772.717041,734382900.000000
27200,0.335872,1619664.634146,739812800.000000
27300,0.338154,1614648.946930,745262700.000000
27400,0.341610,1604168.496238,750732600.000000
27500,0.343142,1602834.977939,756222500.000000
27600,0.345425,1598031.410581,761732400.000000
27700,0.348285,1590651.334396,767262300.000000
27800,0.351608,1581306.454916,772812200.000000
27900,0.353280,1579483.695652,778382100.000000
28000,0.355641,1574621.598747,783972000.000000
28100,0.358897,1565908.881935,789581900.000000
28200,0.360584,1564129.301356,795211800.000000
28300,0.363391,1557550.957509,800861700.000000
28400,0.365592,1553644.499880,806531600.000000
28500,0.369999,1540544.704175,812221500.000000
28600,0.371932,1537915.532947,817931400.000000
28700,0.373736,1535843.483100,823661300.000000
28800,0.376804,1528646.192716,829411200.000000
28900,0.378944,1525291.335923,835181100.000000
29000,0.383439,1512626.519472,840971000.000000
29100,0.384301,1514437.901541,846780900.000000
29200,0.386667,1510343.525566,852610800.000000
29300,0.390579,1500336.679647,858460700.000000
29400,0.391971,1500110.977598,864330600.000000
29500,0.395179,1492994.313969,870220500.000000
29600,0.397426,1489585.482580,876130400.000000
29700,0.402042,1477457.579059,882060300.000000
29800,0.402948,1479099.040075,888010200.000000
29900,0.405604,1474344.434473,893980100.000000
30000,0.411022,1459775.875744,899970000.000000
30100,0.414565,1452124.516059,905979900.000000
30200,0.416762,1449268.407388,912009800.000000
30300,0.416214,1455981.778604,918059700.000000
30400,0.418990,1451108.618344,924129600.000000
30500,0.422315,1444419.449937,930219500.000000
30600,0.424644,1441207.222991,936329400.000000
30700,0.427286,1436976.638598,942459300.000000
30800,0.433470,1421090.271530,948609200.000000
30900,0.432523,1428825.750307,954779100.000000
31000,0.439150,1411818.285324,960969000.000000
31100,0.438527,1418384.728876,967178900.000000
31200,0.441331,1413904.756294,973408800.000000
31300,0.449277,1393349.759725,979658700.000000
31400,0.446854,1405380.728381,985928600.000000
31500,0.449648,1401095.968402,992218500.000000
31600,0.454287,1391191.031220,998528400.000000
31700,0.461358,1374203.980423,1004858300.000000
31800,0.458153,1388182.550371,1011208200.000000
31900,0.461530,1382358.676576,1017578100.000000
32000,0.463805,1379890.255603,1023968000.000000
32100,0.467352,1373696.913675,1030377900.000000
32200,0.469973,1370291.484830,1036807800.000000
32300,0.472882,1366091.329338,1043257700.000000
32400,0.475645,1362360.584049,1049727600.000000
32500,0.478250,1359121.798223,1056217500.000000
32600,0.481526,1354028.650582,1062727400.000000
32700,0.487104,1342629.089476,1069257300.000000
32800,0.487666,1345182.973593,1075807200.000000
32900,0.490386,1341800.132956,1082377100.000000
33000,0.497502,1326627.832652,1088967000.000000
33100,0.501954,1318845.950027,1095576900.000000
33200,0.506044,1312138.865395,1102206800.000000
33300,0.506922,1313811.592316,1108856700.000000
33400,0.506596,1318604.963324,1115526600.000000
33500,0.510213,1313177.045665,1122216500.000000
33600,0.511509,1313759.875193,1128926400.000000
33700,0.514278,1310575.214184,1135656300.000000
33800,0.519264,1301842.607999,1142406200.000000
33900,0.527263,1285885.791341,1149176100.000000
34000,0.529761,1283597.697830,1155966000.000000
34100,0.531912,1282166.974988,1162775900.000000
34200,0.535485,1277346.704389,1169605800.000000
34300,0.540391,1269451.193673,1176455700.000000
34400,0.546601,1258687.781398,1183325600.000000
34500,0.552458,1248963.722129,1190215500.000000
34600,0.553530,1250158.076346,1197125400.000000
34700,0.552323,1256511.135694,1204055300.000000
34800,0.556963,1249634.176777,1211005200.000000
34900,0.557468,1252089.806052,1217975100.000000
35000,0.560076,1249830.380163,1224965000.000000
35100,0.570808,1229835.601463,1231974900.000000
35200,0.561448,1253900.628375,1239004800.000000
35300,0.565005,1249546.464191,1246054700.000000
35400,0.568128,1246198.039878,1253124600.000000
35500,0.572508,1240157.342779,1260214500.000000
35600,0.574074,1240258.224549,1267324400.000000
35700,0.577971,1235356.099181,1274454300.000000
35800,0.580315,1233812.670705,1281604200.000000
35900,0.584370,1228673.614320,1288774100.000000
36000,0.586887,1226811.975730,1295964000.000000
36100,0.592195,1219193.002305,1303173900.000000
36200,0.593699,1219473.167379,1310403800.000000
36300,0.597953,1214142.248638,1317653700.000000
36400,0.600100,1213131.144809,1324923600.000000
36500,0.603977,1208655.296477,1332213500.000000
36600,0.606763,1206401.840587,1339523400.000000
36700,0.610495,1202303.049165,1346853300.000000
36800,0.615075,1196602.040402,1354203200.000000
36900,0.623911,1182861.017036,1361573100.000000
37000,0.620029,1193492.562445,1368963000.000000
37100,0.624985,1187228.493484,1376372900.000000
37200,0.626548,1187458.901792,1383802800.000000
37300,0.630480,1183225.479000,1391252700.000000
37400,0.633600,1180555.555556,1398722600.000000
37500,0.637519,1176435.525843,1406212500.000000
37600,0.640138,1174746.695244,1413722400.000000
37700,0.644227,1170394.907385,1421252300.000000
37800,0.647195,1168117.800663,1428802200.000000
37900,0.650925,1164496.677805,1436372100.000000
38000,0.653812,1162413.660196,1443962000.000000
38100,0.660578,1153535.237322,1451571900.000000
38200,0.661410,1155108.026791,1459201800.000000
38300,0.665053,1151787.902618,1466851700.000000
38400,0.669359,1147366.360951,1474521600.000000
38500,0.672137,1145599.780997,1482211500.000000
38600,0.675070,1143585.109692,1489921400.000000
38700,0.681102,1136393.667909,1497651300.000000
38800,0.682195,1137504.672418,1505401200.000000
38900,0.685793,1134453.107570,1513171100.000000
39000,0.689329,1131535.159554,1520961000.000000
39100,0.693330,1127890.037933,1528770900.000000
39200,0.695751,1126839.918304,1536600800.000000
39300,0.700156,1122606.961877,1544450700.000000
39400,0.703456,1120183.778374,1552320600.000000
39500,0.707463,1116666.171941,1560210500.000000
39600,0.709990,1115508.669136,1568120400.000000
39700,0.716658,1107920.374851,1576050300.000000
39800,0.722750,1101349.014182,1584000200.000000
39900,0.726285,1098742.229290,1591970100.000000
40000,0.737761,1084362.008835,1599960000.000000
40100,0.742180,1080600.393436,1607969900.000000
40200,0.740795,1085320.500273,1615999800.000000
40300,0.740401,1088599.286063,1624049700.000000
40400,0.745838,1083345.176835,1632119600.000000
40500,0.747375,1083793.276468,1640209500.000000
40600,0.750735,1081606.692108,1648319400.000000
40700,0.758079,1073766.718244,1656449300.000000
40800,0.756889,1078097.316780,1664599200.000000
40900,0.759688,1076757.826897,1672769100.000000
41000,0.764604,1072450.575723,1680959000.000000
41100,0.768466,1069663.459411,1689168900.000000
41200,0.768944,1071599.492291,1697398800.000000
41300,0.772756,1068901.438488,1705648700.000000
41400,0.776428,1066422.128002,1713918600.000000
41500,0.780731,1063106.242739,1722208500.000000
41600,0.784019,1061198.771969,1730518400.000000
41700,0.788422,1057809.142819,1738848300.000000
41800,0.791764,1055870.183540,1747198200.000000
41900,0.796647,1051908.812812,1755568100.000000
42000,0.799641,1050471.399040,1763958000.000000
42100,0.805588,1045199.283008,1772367900.000000
42200,0.807351,1045394.134645,1780797800.000000
42300,0.812311,1041473.031881,1789247700.000000
42400,0.814995,1040497.180964,1797717600.000000
42500,0.820302,1036203.739598,1806207500.000000
42600,0.822604,1035735.299123,1814717400.000000
42700,0.828150,1031214.152026,1823247300.000000
42800,0.832210,1028586.534649,1831797200.000000
42900,0.835967,1026356.303538,1840367100.000000
43000,0.838329,1025850.233023,1848957000.000000
43100,0.843837,1021524.299124,1857566900.000000
43200,0.847384,1019608.583594,1866196800.000000
43300,0.851713,1016774.429884,1874846700.000000
43400,0.854368,1015955.653770,1883516600.000000
43500,0.860207,1011384.469087,1892206500.000000
43600,0.862948,1010489.623940,1900916400.000000
43700,0.867457,1007542.736989,1909646300.000000
43800,0.868642,1008470.693335,1918396200.000000
43900,0.874777,1003684.367559,1927166100.000000
44000,0.877389,1002975.875011,1935956000.000000
44100,0.881076,1001048.717704,1944765900.000000
44200,0.886569,997102.312398,1953595800.000000
44300,0.889215,996384.451454,1962445700.000000
44400,0.892840,994579.095919,1971315600.000000
44500,0.897070,992118.786717,1980205500.000000
44600,0.901089,989913.315999,1989115400.000000
44700,0.904869,987988.316541,1998045300.000000
44800,0.915280,978935.407744,2006995200.000000
44900,0.913042,983525.401898,2015965100.000000
45000,0.918711,979633.421174,2024955000.000000
45100,0.921667,978661.490538,2033964900.000000
45200,0.925085,977207.499851,2042994800.000000
45300,0.929154,975080.557152,2052044700.000000
45400,0.932938,973269.391964,2061114600.000000
45500,0.936845,971345.313259,2070204500.000000
45600,0.940911,969273.395677,2079314400.000000
45700,0.945294,966894.955432,2088444300.000000
45800,0.949955,964256.201610,2097594200.000000
45900,0.955110,961145.836605,2106764100.000000
46000,0.957806,960528.541270,2115954000.000000
46100,0.962082,958338.270542,2125163900.000000
46200,0.968681,953874.392086,2134393800.000000
46300,0.977604,947213.800271,2143643700.000000
46400,0.974918,951874.926917,2152913600.000000
46500,0.979399,949561.925221,2162203500.000000
46600,0.993228,938354.536924,2171513400.000000
46700,1.001794,932327.404636,2180843300.000000
46800,0.998997,936939.750570,2190193200.000000
46900,1.004743,933572.067683,2199563100.000000
47000,1.003308,936900.732377,2208953000.000000
47100,1.003370,938836.122268,2218362900.000000
47200,1.011483,933283.110047,2227792800.000000
47300,1.020658,926853.069295,2237242700.000000
47400,1.018589,930699.231977,2246712600.000000
47500,1.029831,922481.455695,2256202500.000000
47600,1.037120,917926.565875,2265712400.000000
47700,1.041590,915907.410785,2275242300.000000
47800,1.052754,908094.388623,2284792200.000000
47900,1.048290,913869.253737,2294362100.000000
48000,1.046941,916957.116017,2303952000.000000
48100,1.059060,908352.690121,2313561900.000000
48200,1.073656,897866.728263,2323191800.000000
48300,1.057648,913347.351860,2332841700.000000
48400,1.070513,904239.369349,2342511600.000000
48500,1.073540,903552.732083,2352201500.000000
48600,1.083716,896913.951626,2361911400.000000
48700,1.084942,897743.842528,2371641300.000000
48800,1.090430,895059.747072,2381391200.000000
48900,1.093776,894150.173344,2391161100.000000
49000,1.095683,894419.280029,2400951000.000000
49100,1.107510,886673.709492,2410760900.000000
49200,1.110666,885954.913538,2420590800.000000
49300,1.115908,883585.385175,2430440700.000000
49400,1.120101,882063.313933,2440310600.000000
49500,1.124554,880349.009474,2450200500.000000
49600,1.139671,870426.640671,2460110400.000000
49700,1.129027,880404.100168,2470040300.000000
49800,1.150034,866061.351230,2479990200.000000
49900,1.188815,839491.426336,2489960100.000000
50000,1.172520,852863.917033,2499950000.000000
50100,1.141798,877563.281771,2509959900.000000
50200,1.148555,874141.856507,2519989800.000000
50300,1.150383,874491.365050,2530039700.000000
50400,1.154237,873304.182763,2540109600.000000
50500,1.158046,872158.791620,2550199500.000000
50600,1.174408,861710.751289,2560309400.000000
50700,1.178191,860641.440989,2570439300.000000
50800,1.180668,860529.801773,2580589200.000000
50900,1.199691,848551.835431,2590759100.000000
51000,1.272640,801483.530299,2600949000.000000
51100,1.260086,811055.753337,2611158900.000000
51200,1.195762,856357.703289,2621388800.000000
51300,1.221757,839774.194050,2631638700.000000
51400,1.214251,846612.438450,2641908600.000000
51500,1.216636,846596.681341,2652198500.000000
51600,1.217147,847884.437952,2662508400.000000
51700,1.227608,842288.417801,2672838300.000000
51800,1.228183,843522.504382,2683188200.000000
51900,1.228438,844975.489198,2693558100.000000
52000,1.226358,848039.479499,2703948000.000000
52100,1.240032,840300.895461,2714357900.000000
52200,1.246117,837802.549841,2724787800.000000
52300,1.251400,835863.832508,2735237700.000000
52400,1.269329,825633.070701,2745707600.000000
52500,1.263300,831156.494894,2756197500.000000
52600,1.271335,827476.628898,2766707400.000000
52700,1.273518,827628.663278,2777237300.000000
52800,1.280860,824446.075293,2787787200.000000
52900,1.279598,826822.173839,2798357100.000000
53000,1.283163,826083.669807,2808947000.000000
53100,1.290054,823221.353525,2819556900.000000
53200,1.301272,817661.488144,2830186800.000000
53300,1.298770,820776.580919,2840836700.000000
53400,1.304222,818878.994527,2851506600.000000
53500,1.310361,816568.869189,2862196500.000000
53600,1.314581,815468.959311,2872906400.000000
53700,1.325926,809999.954749,2883636300.000000
53800,1.327850,810332.492375,2894386200.000000
53900,1.329779,810661.019613,2905156100.000000
54000,1.334973,809005.125946,2915946000.000000
54100,1.342675,805853.985514,2926755900.000000
54200,1.350572,802622.888672,2937585800.000000
54300,1.352557,802923.647580,2948435700.000000
54400,1.355279,802786.732474,2959305600.000000
54500,1.360624,801103.023319,2970195500.000000
54600,1.368475,797968.541625,2981105400.000000
54700,1.393557,785041.444304,2992035300.000000
54800,1.380183,794097.594305,3002985200.000000
54900,1.394689,787272.287944,3013955100.000000
55000,1.391174,790699.078620,3024945000.000000
55100,1.395011,789957.928647,3035954900.000000
55200,1.405863,785282.776487,3046984800.000000
55300,1.397874,791201.495986,3058034700.000000
55400,1.414808,783145.133474,3069104600.000000
55500,1.433996,774060.736571,3080194500.000000
55600,1.412942,787010.365606,3091304400.000000
55700,1.438660,774331.669748,3102434300.000000
55800,1.428941,780997.955829,3113584200.000000
55900,1.428308,782744.338056,3124754100.000000
56000,1.438853,778397.793242,3135944000.000000
56100,1.453519,771919.734107,3147153900.000000
56200,1.444066,778357.775891,3158383800.000000
56300,1.449421,776861.933144,3169633700.000000
56400,1.469367,767677.510111,3180903600.000000
56500,1.462949,772412.435430,3192193500.000000
56600,1.467630,771311.570355,3203503400.000000
56700,1.472713,770007.462418,3214833300.000000
56800,1.510136,752250.128465,3226183200.000000
56900,1.488959,764292.368024,3237553100.000000
57000,1.504576,757688.544813,3248943000.000000
57100,1.499463,761605.988277,3260352900.000000
57200,1.504849,760209.163843,3271782800.000000
57300,1.517556,755161.588765,3283232700.000000
57400,1.508320,761111.700435,3294702600.000000
57500,1.524703,754245.253010,3306192500.000000
57600,1.531607,752151.171939,3317702400.000000
57700,1.529482,754503.812402,3329232300.000000
57800,1.533157,753999.753450,3340782200.000000
57900,1.540896,751510.809295,3352352100.000000
58000,1.537407,754517.183804,3363942000.000000
58100,1.542266,753436.826073,3375551900.000000
58200,1.563443,744510.672919,3387181800.000000
58300,1.565144,744979.375700,3398831700.000000
58400,1.571119,743419.180851,3410501600.000000
58500,1.583643,738802.874133,3422191500.000000
58600,1.576843,743257.255161,3433901400.000000
58700,1.576029,744910.150765,3445631300.000000
58800,1.579476,744550.724417,3457381200.000000
58900,1.594068,738989.804701,3469151100.000000
59000,1.590481,741913.924153,3480941000.000000
59100,1.603993,736910.946619,3492750900.000000
59200,1.603700,738292.698136,3504580800.000000
59300,1.606919,738058.358884,3516430700.000000
59400,1.613177,736434.997524,3528300600.000000
59500,1.633664,728423.959884,3540190500.000000
59600,1.613213,738898.087233,3552100400.000000
59700,1.644686,725974.441322,3564030300.000000
59800,1.784017,670397.199130,3575980200.000000
59900,1.636363,732111.395821,3587950100.000000
60000,1.708461,702386.533845,3599940000.000000
60100,1.693854,709624.324174,3611949900.000000
60200,1.679887,716714.874274,3623979800.000000
60300,1.648225,731696.218659,3636029700.000000
60400,1.693726,713220.438253,3648099600.000000
60500,1.705302,709551.739223,3660189500.000000
60600,1.728851,701043.641123,3672299400.000000
60700,1.758010,690553.523586,3684429300.000000
60800,1.718947,707409.827063,3696579200.000000
60900,1.767838,688977.157409,3708749100.000000
61000,1.731046,704776.187346,3720939000.000000
61100,1.731130,705897.304073,3733148900.000000
61200,1.772785,690439.054933,3745378800.000000
61300,1.739636,704745.130591,3757628700.000000
61400,1.761000,697331.061897,3769898600.000000
61500,1.799315,683593.478629,3782188500.000000
61600,1.785689,689929.769406,3794498400.000000
61700,1.733474,711865.306316,3806828300.000000
61800,1.751680,705608.330289,3819178200.000000
61900,1.765420,701249.561011,3831548100.000000
62000,1.747442,709608.673707,3843938000.000000
62100,1.771611,701056.834711,3856347900.000000
62200,1.774100,701200.608759,3868777800.000000
62300,1.778595,700552.964559,3881227700.000000
62400,1.777887,701956.873525,3893697600.000000
62500,1.773332,704887.748036,3906187500.000000
62600,1.792134,698608.474590,3918697400.000000
62700,1.872128,669825.994804,3931227300.000000
62800,1.855502,676905.764586,3943777200.000000
62900,1.820291,691098.291427,3956347100.000000
63000,1.813244,694887.174589,3968937000.000000
63100,1.827202,690673.499701,3981546900.000000
63200,1.895929,666691.632440,3994176800.000000
63300,1.937475,653427.786165,4006826700.000000
63400,1.894397,669342.276197,4019496600.000000
63500,1.838895,690632.145935,4032186500.000000
63600,1.923507,661292.108633,4044896400.000000
63700,1.934506,658566.062860,4057626300.000000
63800,1.907142,669063.971115,4070376200.000000
63900,1.955981,653380.579873,4083146100.000000
64000,1.974225,648355.683876,4095936000.000000
64100,1.898541,675255.367148,4108745900.000000
64200,1.968796,652175.238064,4121575800.000000
64300,1.922006,669092.604289,4134425700.000000
64400,1.941729,663326.344716,4147295600.000000
64500,2.031367,635040.344753,4160185500.000000
64600,1.997609,646773.217381,4173095400.000000
64700,2.012941,642840.500541,4186025300.000000
64800,1.982917,653582.575569,4198975200.000000
64900,1.957181,663198.753718,4211945100.000000
65000,1.965263,661489.072964,4224935000.000000
65100,1.939499,671307.384020,4237944900.000000
65200,2.016968,646514.967020,4250974800.000000
65300,1.996646,654096.920536,4264024700.000000
65400,2.061089,634615.972430,4277094600.000000
65500,2.032023,644677.742329,4290184500.000000
65600,2.048907,640341.411299,4303294400.000000
65700,1.998460,657506.279835,4316424300.000000
65800,2.002464,657190.341499,4329574200.000000
65900,1.969964,669047.759248,4342744100.000000
66000,1.971067,669688.042060,4355934000.000000
66100,1.976756,668772.473689,4369143900.000000
66200,1.983872,667381.766566,4382373800.000000
66300,2.001589,662473.664673,4395623700.000000
66400,1.999279,664239.458325,4408893600.000000
66500,2.096980,634245.438678,4422183500.000000
66600,2.150990,619249.740817,4435493400.000000
66700,2.115414,630609.422080,4448823300.000000
66800,2.119653,630291.844939,4462173200.000000
66900,2.073016,645436.407630,4475543100.000000
67000,2.111406,634648.191774,4488933000.000000
67100,2.147278,624977.296838,4502342900.000000
67200,2.192109,613108.198543,4515772800.000000
67300,2.145088,627480.084733,4529222700.000000
67400,2.105056,640363.011720,4542692600.000000
67500,2.157855,625621.276684,4556182500.000000
67600,2.164981,624485.849991,4569692400.000000
67700,2.143755,631602.025418,4583222300.000000
67800,2.168621,625282.149347,4596772200.000000
67900,2.158511,629137.400736,4610342100.000000
68000,2.173031,625853.933975,4623932000.000000
68100,2.228436,611190.987760,4637541900.000000
68200,2.237102,609717.393306,4651171800.000000
68300,2.249116,607349.732073,4664821700.000000
68400,2.268033,603165.826952,4678491600.000000
68500,2.316566,591392.604398,4692181500.000000
68600,2.326171,589810.465353,4705891400.000000
68700,2.249977,610672.909101,4719621300.000000
68800,2.252528,610869.210061,4733371200.000000
68900,2.237481,615871.151532,4747141100.000000
69000,2.272592,607236.142695,4760931000.000000
69100,2.326880,593928.350409,4774740900.000000
69200,2.511830,550992.702532,4788570800.000000
69300,2.409829,575144.543451,4802420700.000000
69400,2.436242,569729.936517,4816290600.000000
69500,2.488537,558561.114422,4830180500.000000
69600,2.470460,563457.817572,4844090400.000000
69700,2.288102,609238.574154,4858020300.000000
69800,2.420629,576709.607296,4871970200.000000
69900,2.315254,603821.438166,4885940100.000000
70000,2.379263,588417.505757,4899930000.000000
70100,2.333973,600692.467308,4913939900.000000
70200,2.369070,592637.617293,4927969800.000000
70300,2.319459,606175.836693,4942019700.000000
70400,2.419858,581852.323566,4956089600.000000
70500,2.312841,609639.832570,4970179500.000000
70600,2.320129,608586.850128,4984289400.000000
70700,2.319022,609739.795483,4998419300.000000
70800,2.318922,610628.559305,5012569200.000000
70900,2.333763,607602.400072,5026739100.000000
71000,2.358447,602091.121827,5040929000.000000
71100,2.371623,599589.395110,5055138900.000000
71200,2.338950,608820.197097,5069368800.000000
71300,2.346817,607631.528151,5083618700.000000
71400,2.372930,601787.663353,5097888600.000000
71500,2.340498,610981.081804,5112178500.000000
71600,2.404801,595475.467617,5126488400.000000
71700,2.413177,594237.389135,5140818300.000000
71800,2.410730,595670.191187,5155168200.000000
71900,2.408798,596978.243921,5169538100.000000
72000,2.426742,593388.172290,5183928000.000000
72100,2.430941,593185.930880,5198337900.000000
72200,2.435565,592880.912642,5212767800.000000
72300,2.451122,589933.915978,5227217700.000000
72400,2.440503,593320.311428,5241687600.000000
72500,2.453387,591019.680140,5256177500.000000
72600,2.457995,590725.367627,5270687400.000000
72700,2.466332,589539.445622,5285217300.000000
72800,2.469826,589515.212813,5299767200.000000
72900,2.458234,593108.711376,5314337100.000000
73000,2.501486,583653.076611,5328927000.000000
73100,2.492169,586637.583567,5343536900.000000
73200,2.492723,587309.540611,5358166800.000000
73300,2.493435,587943.940789,5372816700.000000
73400,2.517615,583091.537030,5387486600.000000
73500,2.522526,582749.196639,5402176500.000000
73600,2.483758,592650.330668,5416886400.000000
73700,2.478778,594647.846641,5431616300.000000
73800,2.544358,580107.044685,5446366200.000000
73900,2.509306,589007.478562,5461136100.000000
74000,2.483100,596029.157102,5475926000.000000
74100,2.515967,589037.932533,5490735900.000000
74200,2.495186,594745.241437,5505565800.000000
74300,2.529167,587545.227342,5520415700.000000
74400,2.512046,592345.840801,5535285600.000000
74500,2.560396,581941.230966,5550175500.000000
74600,2.566038,581441.116616,5565085400.000000
74700,2.586468,577621.683315,5580015300.000000
74800,2.564661,583312.960270,5594965200.000000
74900,2.584518,579605.172028,5609935100.000000
75000,2.618523,572842.018191,5624925000.000000
75100,2.607203,576096.299368,5639934900.000000
75200,2.636626,570425.991400,5654964800.000000
75300,2.636768,571153.776138,5670014700.000000
75400,2.606743,578499.683321,5685084600.000000
75500,2.619427,576461.951412,5700174500.000000
75600,2.626163,575744.917585,5715284400.000000
75700,2.638967,573709.333993,5730414300.000000
75800,2.679763,565721.670163,5745564200.000000
75900,2.669067,568738.064650,5760734100.000000
76000,2.690488,564953.272417,5775924000.000000
76100,2.669509,570142.299576,5791133900.000000
76200,2.679420,568779.810556,5806363800.000000
76300,2.692063,566851.518705,5821613700.000000
76400,2.697050,566544.928718,5836883600.000000
76500,2.710728,564424.021886,5852173500.000000
76600,2.721334,562959.195747,5867483400.000000
76700,2.750875,557640.750670,5882813300.000000
76800,2.718146,565091.058391,5898163200.000000
76900,2.710253,567474.697012,5913533100.000000
77000,2.755264,558930.106153,5928923000.000000
77100,2.785391,553602.707842,5944332900.000000
77200,2.795756,552265.648361,5959762800.000000
77300,2.852914,541902.069253,5975212700.000000
77400,2.785241,555786.734433,5990682600.000000
77500,2.823517,548960.746473,6006172500.000000
77600,2.846013,545324.283480,6021682400.000000
77700,2.870754,541321.199936,6037212300.000000
77800,2.824156,550961.065890,6052762200.000000
77900,2.838035,548971.383369,6068332100.000000
78000,2.835998,550070.909782,6083922000.000000
78100,2.873008,543681.047877,6099531900.000000
78200,2.911970,537093.445331,6115161800.000000
78300,2.894956,540940.864041,6130811700.000000
78400,2.940008,533331.882090,6146481600.000000
78500,2.859065,549130.572407,6162171500.000000
78600,2.877504,546306.799226,6177881400.000000
78700,2.890514,544539.829248,6193611300.000000
78800,2.915202,540614.338217,6209361200.000000
78900,2.883469,547257.487422,6225131100.000000
79000,2.889871,546737.207301,6240921000.000000
79100,2.923792,541078.161511,6256730900.000000
79200,2.920699,542335.927119,6272560800.000000
79300,2.942962,538912.836795,6288410700.000000
79400,2.986717,531687.468213,6304280600.000000
79500,2.959295,537290.131602,6320170500.000000
79600,2.946543,540294.168454,6336080400.000000
79700,2.952226,539931.563505,6352010300.000000
79800,2.957477,539649.167179,6367960200.000000
79900,2.970657,537928.141822,6383930100.000000
80000,3.057892,523236.268645,6399920000.000000
80100,3.012467,531790.057783,6415929900.000000
80200,2.959647,541956.523869,6431959800.000000
80300,3.038344,528577.409273,6448009700.000000
80400,3.003106,535445.635286,6464079600.000000
80500,3.062690,525681.671994,6480169500.000000
80600,3.054561,527735.409442,6496279400.000000
80700,3.002209,537604.144149,6512409300.000000
80800,3.008872,537078.346969,6528559200.000000
80900,3.092636,523178.285450,6544729100.000000
81000,3.061501,529152.203445,6560919000.000000
81100,3.024897,536216.605061,6577128900.000000
81200,3.022234,537350.847089,6593358800.000000
81300,3.076854,528461.863969,6609608700.000000
81400,3.032340,536879.109862,6625878600.000000
81500,3.080362,529158.585906,6642168500.000000
81600,3.094981,527305.337254,6658478400.000000
81700,3.075854,531234.577454,6674808300.000000
81800,3.074412,532134.274782,6691158200.000000
81900,3.074767,532723.292529,6707528100.000000
82000,3.159053,519142.920363,6723918000.000000
82100,3.198408,513380.406752,6740327900.000000
82200,3.196958,514238.848305,6756757800.000000
82300,3.213947,512142.857365,6773207700.000000
82400,3.156601,522080.554368,6789677600.000000
82500,3.164906,521342.498008,6806167500.000000
82600,3.221162,512858.403272,6822677400.000000
82700,3.228503,512311.743244,6839207300.000000
82800,3.214465,515171.264892,6855757200.000000
82900,3.207006,516993.108214,6872327100.000000
83000,3.207947,517464.908242,6888917000.000000
83100,3.282481,506324.332113,6905526900.000000
83200,3.256136,511035.165607,6922156800.000000
83300,3.246426,513179.724411,6938806700.000000
83400,3.269759,510129.339808,6955476600.000000
83500,3.289887,507616.219037,6972166500.000000
83600,3.277189,510193.339475,6988876400.000000
83700,3.313047,505275.053448,7005606300.000000
83800,3.294967,508654.563156,7022356200.000000
83900,3.334961,503154.309751,7039126100.000000
84000,3.353071,501033.231924,7055916000.000000
84100,3.375656,498273.520762,7072725900.000000
84200,3.389940,496763.954524,7089555800.000000
84300,3.359927,501796.616415,7106405700.000000
84400,3.344902,504648.566684,7123275600.000000
84500,3.367678,501829.450440,7140165500.000000
84600,3.378133,500868.379072,7157075400.000000
84700,3.399806,498263.724460,7174005300.000000
84800,3.376021,502366.543336,7190955200.000000
84900,3.444768,492921.439122,7207925100.000000
85000,3.395175,500710.567202,7224915000.000000
85100,3.391689,501814.877484,7241924900.000000
85200,3.440273,495309.529215,7258954800.000000
85300,3.429462,497454.119626,7276004700.000000
85400,3.437454,496879.376422,7293074600.000000
85500,3.434684,497862.394328,7310164500.000000
85600,3.504724,488483.543925,7327274400.000000
85700,3.507734,488634.542984,7344404300.000000
85800,3.502145,489985.423219,7361554200.000000
85900,3.468590,495302.125648,7378724100.000000
86000,3.469760,495711.518952,7395914000.000000
86100,3.492318,493082.245088,7413123900.000000
86200,3.525289,489037.920012,7430353800.000000
86300,3.519720,490379.916584,7447603700.000000
86400,3.545399,487392.251197,7464873600.000000
86500,3.567969,484869.683565,7482163500.000000
86600,3.553394,487421.321700,7499473400.000000
86700,3.570081,485703.265556,7516803300.000000
86800,3.609474,480956.505020,7534153200.000000
86900,3.513685,494637.396352,7551523100.000000
87000,3.529836,492940.748522,7568913000.000000
87100,3.546420,491199.575910,7586322900.000000
87200,3.566809,488952.450215,7603752800.000000
